video_id,transcript
7430970798661422382,"You voted for a candidate endorsed by the KKK. For the rest of your life, you have to know that you voted the same way as the KKK. No ifs, ands or buts. No doubt about it. Which I told him she was chiming in and agreeing because there's no way around it. You voted for hatred. You voted against women, against the gay community, against Mexicans, against blacks. Yeah, and you gonna call yourself a Christian? I don't give a fuck if you go to church 23 out of 24 hours. You're a mean motherfucker."
7463275191054011671,the left-wing media they do not know right you are extreme right or stupid right and I find both offensive ok what are you right no civilized right oh civilized right oh
7377514923464674590,"If you had to pick a Democrat or Republican, a Joe Biden or Donald Trump, gun to your head, who would you vote for? The gun would go off."
7405762942039379246,"By the way, I got a message for the Republicans and the justices of the United States Supreme Court. You can pry this wedding band from my cold, dead, gay hand."
7441013971865455890,"You're Maori. I'm not Maori. Do you have more rights than me in New Zealand? I have more obligations. And I think. Do you have more rights? Do you have more rights? I also have more rights with those obligations. So you do have, you do have more rights. We have different expectations and different rights. Absolutely."
7389962032004549920,green left which actually says that this flag is green left 1 traitor party well well sir that's green decay everything that is not Dutch is what they are for so I mean green left there are only madmen Labillen fools
7435743917661801758,"This is why Democrats lose, um, because the American voting public are some of the dumbest, most uneducated, most ignorant people on the planet. We're all sitting around this week trying to do post mortem of the selection. Like, Joe Biden dropped out two weeks late, or she didn't spend enough time in Pennsylvania, or her ad buys were too expensive, or her field program didn't work very well. Democrats lose because people are stupid and they buy bumper sticker bullshit slogans. These people really fucking believe that Donald Trump as president is going to just give them more money. They're just gonna have more money magically. He's not even the fucking president yet and they're saying this. Democrats always have to be like, we have a 12 point economic stimulus plan that involves, you know, pumping money into this subsidy and that subsidy, and eventually in five years, you're gonna see, you know, a boom on the economy and everybody's gonna be rich. Trump goes, vote for me and you'll have more money in your savings account. And people buy it. People buy it. Even though cobbles policies literally were to give people money. First time home buyer credits. Cash in people's hands to buy houses for first time home buyers. Small business tax credits. Start up a business, we're gonna give you cash child tax credits, extra money just for having kids. Those were communist policies. Joe Biden's administration cut child poverty in the United States in half by The way all the leftists who think that Joe Biden was some sort of right wing maniac. Did you know that Joe Biden cut child poverty in half? Trump comes in and goes, prices are too high. Here's my proposal. Universal tariffs. We're gonna slap tariffs on everything, uh, and that's somehow gonna stimulate the economy and you're gonna have more money in your wallet. Donald Trump's plan is literally to increase prices. To increase prices. That's what Donald Trump is promising. And these grown ass adults who vote don't know what a fucking tariff is. So like, I don't. There's no point, there's no point in arguing this state or that state or this strategy or that strategy or who's gonna. Who has the better message or who's the candidate. Voters are fucking stupid. And even now somebody's gonna come in my comments and be like, this is not helpful. This is why Democrats lose, cause you insult the electorate. I don't give a fuck. We talk to people like they're smart and they're not fucking smart. I don't care if we have to just. If it just becomes middle school, you know, student body president elections, vote for us to get a portion of pizza party, I. Until education in the United States improves and people could actually think critically about what they're voting for and who they're voting for, the party that talks to them like they're educated adults is gonna lose. And the party that panders to Them like ignorant children is gonna win"
7332176259201371434,"If they had said nothing at all about Kate, no one would have wondered where she was, as it's not unusual for her and William to be publicly absent for three to four months. That they felt compelled to is telling. It likely means someone outside the firm Learned about her situation. She wanted this life, right? She chased William for 10 years before he gave in, right? She clearly didn't study Charles and Diana's marriage to know what she was in for. Hashtag batfamily I don't know what has happened to her, but this was always going to end in scan. She's been unhappy for a while. What Kate and will did to Megan and Harry as we were young. But unlike dubbed and uninitiated to the dealings of the fun wish mental is understandable. Willie's ego seemed so massive. I can't imagine how anyone someone stand being with a red flag with him. The mama would say she made her bed. Hashtag that family has not only I hate her badly and prematurely, they made her terribly unhappy. The hopeless look in her eyes. She should cut her losses and run. She is still the mother of the future. Future s so all is not lost. She has some leverage."
7309790544094301472,"Their election program says, you have to do 60 compulsory hours, then you have a naturalization test. At the end you have to play the 3rd verse from a song I do not even know anymore how the title was 1 piece into the national anthem."
7550942127048396046,"We're about to find out if Erica Kirk is a honeypot or the Christian conservative wife that we have seen her being all these years. People have been claiming she may be a honeypot since they started dating. And if you don't know what a honeypot is, it's beautiful. Usually very intelligent women who are intentionally put next to a man in rising power or his already in a place of power as a way to control them, motivate them, keep them on the course. Basically, people who put these two people together want her to keep him going on that track. The more you find out about Erica Kirk, um, it's interesting to see the honeypot theory. Five years older than him, she was a double major, had a doctorate law degree. Whenever she met him, she already had very successful careers. She was a beauty pageant queen. People know this. She's Miss Arizona. She ran for Miss USA. But she was also an athlete and had a very successful basketball career and was a member of the NCAA. She also started clothing line. The list just keeps going. She's also modeled, acted, the casting director. Erica herself has even founded non profit organizations. I think that's why a lot of people who know all this about her are comparing her to Serena Joy. But people who don't know this about her are comparing her to that. That crazy conservative Christian from True Blood. And I feel like the More you know about Erica. It's going to be interesting to see what Erica Kirk achieves in the next months years. How Charlie was so much more successful once he aligned himself with her. Whether she was a honeypot or not."
7335887823796538656,"well I'm not a cherry fan anyway so uh I'm just faithful v d r so just libral right and I don't believe in fairytales and stuff like that brushing that is uh that's not a great guy that uh has also been in the class of kloosarm the night is advanced the day is to bed and then we have already been banned from discord 10 times why why are we banned from discord really anyway and my flag is on discord we really have we really have all nasies in the discord no sure sure yes there were there no we shouldn't lie there were Nazis who we turned off we canceled it immediately yes yes we are against Nazis but what kind of discord did you have where Nazis came in Flemish nationalist group just when cherry wrote books i thought it was interesting but when he got the police I thought yes then IE comes up with weird things like reverend there and stuff and I think yes uh in itself not so strange she does by default but well that was already 1 icebreaker with me VVD you think the participation of the follow we shouldn't have that yes you have to be selective sometimes eh everyone must have the right to vote, you may ask yes delicious uh anti democratic so we know the VVD that's why"
7393461375575837998,"And our message to Gen Z is this. They can't even define what a woman is. Our message to millennials, speaking as one myself, they can't even define what a woman is. If you wanted a summation of the RNC, that's it right there. A lot of shouting, bad acting, culture war grievance, and absolutely zero substantive discussions of policy. It was four nights of the most anti American ideas set on a stage surrounded by American flags and an audience who hooted and hollered for everything from overturning an election to JD Vance's grandma threatening literal vehicular homicide on his childhood friend. Now, she once told me when she found out that I was spending too much time with a local kid who was known for dealing drugs, that if I ever hung out with that kid again, she would run him over with her car. And at some points, it was a therapy session for those on stage. And a parent at my three year old son's preschool spit on my car. My family was denied service and kicked out of a restaurant. The first person I knew who supported Donald Trump was my father. I was shocked. The nagging feeling that everything we love is slipping away. And at others it was just them saying, or in some cases, literally screaming the quiet part out loud. I think. I mean, I've spent most of my life in Washington where the, you know, the president is at the Top of the pyramid, never wants to be the president. But if you think about, the presidency comes with great power. Obviously, but if you think about it, that is a title that is bestowed by a process of some sort that can be subverted the election result. We're never gonna let that happen again. All of this was at points objectively funny, or cringey or corny or just plain bizarre. But again, did you notice how they basically didn't tell you a single Iota of actual policy? That's because they can't. Just like their stands on abortion, which they carefully admitted for the entire four days. Republicans know that if they were honest and straightforward with the American people about how they wanna do the things they wanna do, they'd lose in a landslide. But if you wanna know more, look up Project 2025 and read about it. Flip to any one of its 920 pages and see what their plans actually are. Firing 50,000 federal government employees, unchecked irregulation for big corporations, tax cuts for the ultra wealthy, or their restrictions on abortion, sending your tax dollars to religious private schools. That is the truth of what MAGA politicians wanna do. They just think you're too stupid to ask how and too distracted by their madness to ask why."
7552891936785419553,do you mind that you cannot vote for 1 woman again? no no I have no problem with it nope why not because we are 1 uh men's party I also have 1 woman but Uhm for me yes women don't have to be on my list because they cannot they can do it but it is I think Het Meer really 1 men's job I also like that that our women also wholeheartedly support this but not all women support that yet Mrs. Jansen because lilian Jansen riddle in flashing for 12 years Wanted to be on the list but was not even allowed to talk I meet all criteria who uh are asked to be candidates so uh i don't know why and one in the party thinks that this is possible and the other says uh that doesn't fit yes it is but then you would say well if there is different about it thought then put one on the list then you HAVE 49 men and 1 woman yes well I will ask that question to the main steering wheel that tradition is in our party that it is not just that is an immediate habit Uhm the opportunity uh was put on my wife's list it lacks the opportunity
7548129351057837334,"I'm sure we'd all love to just waltz over to another country, stay in a 5 star hotel and be given a free iPad. But unfortunately, that's not how life works. What do you mean? I don't even use my own iPad? That's because I've forgotten the password and I can't get back in. In fact, I need you to help me with that today. They're living in war torn countries. Oh, and it is terrible. Yes. But life is hard for everyone. My grandmother, for example, came over here when she was only 15, pregnant and couldn't understand a word of the language. And she just got on with it. Yeah. Because that's what life was like. Yes. So I suppose she was an immigrant in a way, but times were very different back then. So you'd let one live in your house, would you? You'd be comfortable with that. I mean, you might as well. To be fair, you can ask them to clean it for you. So. Right. Today I saw a video of a group of them having a party on the boat as they're coming over. Yeah. Celebrating. So it can't all be that bad, can it? Where did I see it? Facebook. Look, you can see for yourself. It's what? What does that mean, AI? Oh, I suppose he does have an extra arm. You're right. Whoops."
7503283917168889130,"If you are here illegally, we will find you and we will deport you. You will never return. But if you leave now, you may have an opportunity to return and enjoy our freedom and live the American dream. America welcomes those who respect our laws because a strong nation is a safe nation."
7246918516564086017,"I'm indigenous. I was born here. I'm native to the land. She's indigenous? Yes, I am. Do you know the word indigenous? Yeah, I do. Yeah. I was born here. Where's my land if it's not Australia? England?"
7341816385477053728,she is a member of the VVD she is a member of the VVD she is a consultant national security of the VVD maybe not from the group but from the party and she is 1 convicted terrorist she got 3 years in prison because they have letters from the Hofstad group who killed Theo van Gogh who wanted to kill me who also caught colleague eerdmans Wilde you are called those types in your party and you are going to lecture me that you do not want to rule with the PVV because we have 1 battle with the rule of law u had the biggest one villains of the rule of law in your party winner and which is not normal to chair is that colleagues that are suspected of all kinds of practices because they would have relatives now declares 1 colleague guilty based on association with 1 family member I find that unacceptable and I think chairman that Mr. Wilders I also want to ask you to do that that he should take back his words about that because I take everything back crazy i never take what it is